Node,Rank
https://powerautomate.microsoft.com,0.0003789316
https://alumni.yale.edu,0.0003197789
https://meta.wikimedia.org,0.0003108492
https://hr.wikipedia.org,0.0003108492
http://www.citigroup.com,0.0003105474
https://www.skutocnydarcek.sk,0.0003424688
https://www.jsns.cz,0.0003116794
https://www.beyond-buzzwords.com,0.0003227304
https://latamblog.lumen.com,0.0003219037
https://us.flow.microsoft.com,0.0003525242
https://www.shell.com.my,0.0003086284
https://reports.shell.com,0.0003086284
https://account.azure.com,0.0004239248
http://nvm.sh,0.0003119521
https://about.linkedin.com,0.0045339632
https://wordpress.com,0.0006135774
http://www.bcn.cat,0.0003078122
http://investor.northropgrumman.com,0.0003348885
https://www.bloomberg.com,0.0003119670
https://www.shell.mg,0.0003086284
https://lfaidata.foundation,0.0003126693
https://flight-manual.atom.io,0.0007161182
https://investors.jmsmucker.com,0.0003432684
https://es.wikipedia.org,0.0003108492
http://status.twitter.com,0.0025371604
https://www.shell.com.sg,0.0003086284
https://ring.com,0.0003135516
https://xbx.lv,0.0003243589
http://bostonscientific.com,0.0003105474
https://www.shi-magazine.com,0.0003592293
https://vn.prnasia.com,0.0003290258
https://ro.wikipedia.org,0.0003108492
https://blogs.bing.com,0.0003680905
https://app.feedblitz.com,0.0010580100
https://www.githubstatus.com,0.0012938998
https://www.glassdoor.co.in,0.0003766433
https://www.bea.gov,0.0003323348
https://pl.wikipedia.org,0.0003108492
https://myprofile.lfx.linuxfoundation.org,0.0003126693
https://adoption.microsoft.com,0.0003225038
https://yale.service-now.com,0.0003711303
https://trello.com,0.0003494029
http://www.jnj.de,0.0003110412
http://carnivalsustainability.com,0.0003220569
https://www.glassdoor.co.uk,0.0004081849
https://account.google.com,0.0005227170
https://shell.cloud.google.com,0.0003576312
https://bunifuframework.com,0.0003176221
https://www.intel.co.id,0.0003126933
https://sell.amazon.com,0.0003135516
https://www.osha.gov,0.0003263269
https://www.documentfoundation.org,0.0003078122
http://www.coxinc.com,0.0003105474
https://rewards.forzamotorsport.net,0.0003250435
https://www.northropgrumman.com,0.0003348885
https://www.dpreview.com,0.0003135516
https://www.yale.edu,0.0006357119
https://www.apprenticeship.gov,0.0003263269
https://housing.yale.edu,0.0003197789
https://www.gnome.org,0.0003078122
http://www.brooksrunning.tw,0.0003169614
https://www.macysrenewingheraldsq.com,0.0003583521
https://blog.discourse.org,0.0003409529
https://www.sofproject.org,0.0003126693
https://www.demandbase.com,0.0006522721
http://resources.glassdoor.com,0.0004081849
http://prnewswire.com.mx,0.0003224310
http://jquery.com,0.0003119521
https://analytics.hbs.edu,0.0003274126
https://datasummit.venturebeat.com,0.0003471362
https://president.yale.edu,0.0003197789
https://commons-institut.org,0.0003078122
https://www.lapaillasse.org,0.0003078122
https://www.behaviourchange.net,0.0003116794
https://youtube.com,0.0004307729
https://www.nytimes.com,0.0006815618
https://kernpublichealth.com,0.0003429131
https://www.shell.ie,0.0003086284
http://www.carnivalcorp.com,0.0003105474
https://github.atom.io,0.0004570967
https://myplan.nwservicecenter.com,0.0003187573
https://ai.engineering.columbia.edu,0.0003274126
https://ads.twitter.com,0.0006151115
https://www.skutecnydarek.cz,0.0003116794
http://www.cliss21.com,0.0003078122
https://www.comixology.com,0.0003135516
https://www.technologiestiftung-berlin.de,0.0003078122
https://freifunk.net,0.0003078122
https://fitness.apple.com,0.0003469840
https://wptavern.com,0.0003119670
https://blogs.msdn.microsoft.com,0.0003251236
https://developer.linkedin.com,0.0014037136
https://www.milostiveleto.cz,0.0003116794
https://yale.edu,0.0003804019
http://www.youku.com,0.0003603600
https://world.yale.edu,0.0003197789
https://www.americanexpress.com,0.0003119521
https://www.tiaa.org,0.0003105474
https://inxile.zendesk.com,0.0003356908
https://www.lfenergy.org,0.0003126693
https://console.cloud.google.com,0.0003576312
https://www.bostonscientific.com,0.0003295559
https://sizzlejs.com,0.0003119521
http://www.dell.com,0.0003105474
https://www.shell.mu,0.0003086284
https://eedition.bakersfield.com,0.0003429131
https://www.bakermckenzie.com,0.0003397513
https://www.javascript.com,0.0003283030
https://prattwhitney.com,0.0003256325
https://newsroom.ibm.com,0.0003715504
https://account.xbox.com,0.0003617384
https://myignite.microsoft.com,0.0003641050
https://www.chocolateworld.com,0.0003432684
https://github.blog,0.0017054637
https://foundershubsupportcenter.powerappsportals.com,0.0003920832
https://hackyourphd.org,0.0003078122
https://www.shell.tn,0.0003086284
https://agreementservice.svs.nike.com,0.0003220569
https://store.office.com,0.0004496657
http://www.pnc.com,0.0003105474
https://apps.metrica.net,0.0003234200
https://helpme.yale.edu,0.0004466714
https://wechange.de,0.0003078122
https://www.hackerspace.gr,0.0003078122
https://www.intel.co.il,0.0003126933
http://www.whirlpool.com,0.0003105474
https://www.cision.de,0.0003234200
https://portal.prnewswire.co.uk,0.0003239750
http://www.youtube.com,0.0005158723
https://myaccount.nytimes.com,0.0003883201
https://demo-hueman.presscustomizr.com,0.0004750488
https://www.optimizely.com,0.0003629517
https://codefor.nl,0.0003078122
https://p2pfoundation.net,0.0003078122
https://www.intel.la,0.0003126933
https://us.engagingnetworks.app,0.0003348885
https://forums.eveonline.com,0.0003409529
https://events.venturebeat.com,0.0004891426
https://www.fangamer.com,0.0003207494
https://webapps.dol.gov,0.0003263269
https://www.jnj.fr,0.0003110412
https://w3.airbus.com,0.0003174762
https://www.shell.sa,0.0003086284
http://www.google.co.in,0.0004469211
https://hsmr.cc,0.0003078122
http://www.helicopters.airbus.com,0.0003174762
https://data.bls.gov,0.0004410120
https://www.q4inc.com,0.0004465629
https://disabilityin-bulk.s3.amazonaws.com,0.0003485794
https://wikimedia.pl,0.0003078122
http://news.xbox.com,0.0003220263
https://opensourcefriday.com,0.0006504528
https://skype.com,0.0003751784
https://www.mastercard.us,0.0003105474
http://www2.goldmansachs.com,0.0003105474
http://go.microsoft.com,0.0006745064
https://support.eji.org,0.0004298387
http://www.samtgemeinde-elbmarsch.de,0.0003078122
https://www.faimaison.net,0.0003078122
http://healthforhumanityreport.jnj.com,0.0003110412
https://imagine.microsoft.com,0.0003251236
https://www.t-mobilemoney.com,0.0003219037
https://www.starbuckscardb2b.com,0.0003194520
https://open.spotify.com,0.0003258599
https://www.abebooks.com,0.0003135516
https://theconversation.com,0.0007882112
https://bosssauce.it,0.0003251058
https://www.google.com,0.0009433507
https://act.hrc.org,0.0003105474
https://support.bitly.com,0.0003400222
https://www.tiaainstitute.org,0.0003181288
http://www.saregune.net,0.0003078122
https://paulmayne.org,0.0003119670
https://www.czechia.com,0.0003116794
https://www.softcatala.org,0.0003078122
https://en.wikinews.org,0.0003108492
https://research.yale.edu,0.0003197789
https://buddypress.trac.wordpress.org,0.0003617487
https://sl.wikipedia.org,0.0003108492
http://jerryscript.net,0.0003119521
http://account.live.com,0.0003251236
https://www.tensorflow.org,0.0006785770
https://policies.google.com,0.0017883597
https://insights.som.yale.edu,0.0003320291
http://www.sipc.org,0.0003181288
http://www.aptivate.org,0.0003078122
http://maps.google.co.in,0.0003581378
https://www.shell.com.qa,0.0003086284
https://status.npmjs.org,0.0003769158
https://www.vizzyhardseltzer.com,0.0003105474
https://www.packtpub.com,0.0003738117
https://klucznicy.org.pl,0.0003078122
https://www.jnj.in,0.0003110412
https://www.engagingnetworks.net,0.0003348885
https://www.naga44.org,0.0003078122
https://www.airbus-shop.com,0.0003174762
https://alumni.starbucks.com,0.0003194520
https://dayoneapp.com,0.0003119670
https://www.hrc.org,0.0004636191
https://www.shell.ml,0.0003086284
https://blog.linkedin.com,0.0017620625
https://about.ads.microsoft.com,0.0013958507
http://portal.som.yale.edu,0.0003320291
https://globalagility.prnewswire.com,0.0003513717
https://bpdevel.wordpress.com,0.0003617487
https://www.joshbersin.com,0.0003681662
https://www.smallbusinesspr.com,0.0003805711
https://asiapac.medtronic.com,0.0003315655
https://www.morganstanleyclientserv.com,0.0003385547
https://ai.facebook.com,0.0004034816
https://www.thehrcfoundation.org,0.0003893576
https://dotnet.microsoft.com,0.0004346532
https://www.legacy.com,0.0003429131
https://bbpress.org,0.0005288435
https://middleeast.peopleinneed.net,0.0003116794
https://geo.ema.gs,0.0003231779
https://parkmgm.mgmresorts.com,0.0003119738
https://shop.smucker.com,0.0003432684
https://consumer-privacy.jmsmucker.com,0.0003432684
https://www.google.co.in,0.0007767846
https://powervirtualagents.microsoft.com,0.0005501596
https://resources.goldman.com,0.0003231567
https://pas.nwservicecenter.com,0.0003187573
https://arc.codes,0.0003119521
http://webdriver.io,0.0003119521
https://thecoalitionstudio.com,0.0003243589
http://blogs.windows.com,0.0003371359
https://www.evanta.com,0.0003420672
https://www.dytmgm.com,0.0003119738
https://toni.org,0.0003119670
https://producthelp.whirlpool.com,0.0003202238
http://www.intel.com,0.0003105474
https://us.vocuspr.com,0.0003234200
http://brokercheck.finra.org,0.0003181288
https://preferencecenter.twitter.com,0.0015359705
http://www.cms-garden.org,0.0003078122
http://www.brooks-running.pl,0.0003169614
http://demo-hueman.presscustomizr.com,0.0003504248
https://educationblog.microsoft.com,0.0003927608
https://support.ageofempires.com,0.0003250435
http://www.jnjnz.co.nz,0.0003110412
https://mobile.linkedin.com,0.0014037136
https://www.instagram.com,0.0030633410
https://media.twitter.com,0.0015359705
https://undeadlabs.com,0.0003515219
http://www.mgmrewards.com,0.0003119738
https://www.doublefine.com,0.0003395492
https://www.peercoin.net,0.0003078122
http://support.twitter.com,0.0023963160
https://www.t-mobile.com,0.0003268920
https://newsroom.prattwhitney.com,0.0003256325
https://www.intel.vn,0.0003126933
https://dart.dev,0.0003407433
https://press.edx.org,0.0003274126
https://www.forzamotorsport.net,0.0003438433
https://www.intel.com,0.0003126933
https://ru.ups.com,0.0003691651
https://aria.mgmresorts.com,0.0003119738
https://analytics.theconversation.com,0.0007256040
https://www.snowcommerce.com,0.0004220731
https://corporate.comcast.com,0.0003105474
http://ces.whirlpool.com,0.0003202238
https://investors.cision.com,0.0003332898
https://www.telerik.com,0.0003176221
https://www.shell.co.jp,0.0003086284
https://www.lyft.com,0.0003534686
http://www.apple.com,0.0004386172
https://okfn.de,0.0003078122
https://www.shell.com.hk,0.0003086284
https://privacy.twitter.com,0.0018505669
http://time.com,0.0003231779
https://www.ubereats.com,0.0003194520
https://ukraine.peopleinneed.net,0.0003116794
https://www.protiztratepameti.cz,0.0003116794
https://www.marburg-biedenkopf.de,0.0003078122
https://www.target.com,0.0003424773
https://edc.intel.com,0.0003126933
https://whirlpoolcorp.com,0.0003202238
https://www.yoctoproject.org,0.0003126693
https://help.nytimes.com,0.0004951396
https://www.shell.com.om,0.0003086284
https://www.mediawiki.org,0.0003108492
https://www.messenger.com,0.0027123601
https://lodash.com,0.0003119521
https://docs.microsoft.com,0.0033522775
https://your.yale.edu,0.0003197789
https://www.printmag.com,0.0003119670
https://hackinglliure.org,0.0003078122
https://code4.ro,0.0003984922
http://hiring.local-jobs.monster.com,0.0003463250
https://airbusworld.helicopters.airbus.com,0.0003174762
https://investors.danaher.com,0.0003319556
https://customerservice.starbucks.com,0.0003194520
https://blog.google,0.0004182646
https://js.tensorflow.org,0.0003632381
https://eedition.tehachapinews.com,0.0003279803
https://corp.rossstores.com,0.0003484802
https://legal.linkedin.com,0.0004547036
https://ms.wikipedia.org,0.0003108492
http://www.cision.com,0.0003354419
https://automattic.com,0.0003971874
https://www.intel.es,0.0003126933
https://lfx.linuxfoundation.org,0.0003126693
https://ischoolonline.berkeley.edu,0.0003274126
https://powerapps.microsoft.com,0.0005603703
https://shop.minecraft.net,0.0004220731
https://swisslinux.org,0.0003078122
https://www.intel.com.br,0.0003126933
https://www.shell.lu,0.0003086284
https://elisa.tech,0.0003126693
https://si.ups.com,0.0003691651
http://www.setem.cat,0.0003078122
https://mediacentre.airbus.com,0.0003174762
https://www.brooks.co.il,0.0003169614
https://frontity.org,0.0003119670
https://www.trustpilot.com,0.0003119670
https://netflix.com,0.0003119521
https://invite.slack.golangbridge.org,0.0003251058
https://oauth-playground.glitch.me,0.0004593044
https://www.jnjuruguay.com,0.0003110412
https://mgmgranddetroit.mgmresorts.com,0.0003119738
http://optout.aboutads.info,0.0003231567
https://careers.chevron.com,0.0003275562
https://kubernetes.io,0.0003126693
https://marketplace.visualstudio.com,0.0004459606
https://mediablog.prnewswire.com,0.0003325004
https://www.timeedge.com,0.0003231779
http://mol.hu,0.0003284347
https://www.shell.com.ng,0.0003086284
https://mynewsletters.fortune.com,0.0008204059
https://beian.miit.gov.cn,0.0003393298
https://tvareklimatickezmeny.cz,0.0003116794
https://framasoft.org,0.0003078122
https://liqd.net,0.0003078122
https://riscv.org,0.0003126693
https://www.indianretailer.com,0.0003233431
https://auth.tiaa.org,0.0003181288
https://cms.tpg.com,0.0003715504
https://klubpratel.clovekvtisni.cz,0.0003116794
https://www.eff.org,0.0003078122
https://genius.com,0.0003119670
https://www.shell.co.id,0.0003086284
https://assets.lumen.com,0.0003219037
http://eslint.org,0.0003119521
https://clovekvohrozeni.sk,0.0003908090
https://ecm.capitalone.com,0.0003220569
https://customers.microsoft.com,0.0008345567
https://de.slideshare.net,0.0011592560
http://www.costacruise.com,0.0003220569
https://io.google,0.0008456524
https://www.nytco.com,0.0004951396
https://make.powerapps.com,0.0003306283
https://www.prnewswire.co.il,0.0003154289
http://php.net,0.0003283030
https://tumblr.com,0.0003119670
https://www.pah.org.pl,0.0003867751
https://www.collinsaerospace.com,0.0003256325
https://www.intel.cn,0.0003126933
https://www.wdc.com,0.0003409529
https://www.codeplex.com,0.0003251236
https://issuu.com,0.0003747684
https://www.jetbrains.com,0.0003176221
https://www.tiaabank.com,0.0003181288
https://www.osgeo.org,0.0003078122
,0.0003055591
http://slideshare.net,0.0006092180
https://ourstory.jnj.com,0.0003110412
https://promotions.t-mobile.com,0.0003219037
https://investors.thehersheycompany.com,0.0003432684
https://powerbi.microsoft.com,0.0005603703
https://www.whitehouse.gov,0.0003263269
https://subscribe.wordpress.com,0.0003386254
http://creativecommons.org,0.0003078122
https://c00.adobe.com,0.0003119738
https://community.powerbi.com,0.0004521455
https://ads.microsoft.com,0.0003615718
http://about.bankofamerica.com,0.0003105474
http://majinato.cz,0.0003116794
https://www.gnostice.com,0.0003176221
https://community.intel.com,0.0003126933
https://learninglab.about.ads.microsoft.com,0.0003615718
https://www.pegi.info,0.0003250435
https://www.whatsapp.com,0.0004485951
https://codex.wordpress.org,0.0003617487
https://nationwide.axosbank.com,0.0003187573
https://transform.venturebeat.com,0.0004891426
http://www.yale.edu,0.0003711303
https://www.shell.com.ve,0.0003086284
https://www.hyperledger.org,0.0003126693
http://instagram.com,0.0003793650
http://revlibre.org,0.0003078122
https://www.jnj.co.uk,0.0003110412
https://cs.wikipedia.org,0.0003108492
https://help.townnews.com,0.0003734354
https://www.hermescenter.org,0.0003078122
https://www.youtube.com,0.0106235193
https://bakersfield.pressreader.com,0.0003279803
https://jobs.danaher.com,0.0003319556
https://www.shell.se,0.0003086284
https://en-gb.facebook.com,0.0012643479
https://www.kandkinsurance.com,0.0003187573
https://www.lugbz.org,0.0003078122
https://jeffwarren.org,0.0003119670
https://www.doordash.com,0.0003105474
http://myprivacy.twitter.com,0.0006201554
https://nowoczesnapolska.org.pl,0.0003078122
https://www.shell.ae,0.0003086284
https://www.viacomcbsprivacy.com,0.0003219037
https://www.gsam.com,0.0003231567
https://support.microsoft.com,0.0016981487
https://einsteigen.jetzt,0.0003078122
https://discuss.atom.io,0.0005913029
http://blog.onedrive.com,0.0003220263
https://portal.som.yale.edu,0.0003320291
http://www.nike.com,0.0003105474
http://34.234.87.242,0.0003224310
https://services.sungarddx.com,0.0003715504
https://ignite.amazon.com,0.0003135516
https://github.githubassets.com,0.0003215070
https://www.newswire.ca,0.0004151938
https://jobs.lumen.com,0.0003219037
https://go.dev,0.0006208979
https://tbcoffers.com,0.0003429131
https://account.prnewswire.com,0.0004283445
https://www.jnj.cz,0.0003110412
https://openpowerfoundation.org,0.0003126693
https://www.clearmeasure.com,0.0003176221
http://eclipse.org,0.0008542371
https://youtu.be,0.0004120465
https://www.jnj.com,0.0003160295
https://twitch.com,0.0004298387
https://core.trac.wordpress.org,0.0003617487
https://www.ereuse.org,0.0003078122
https://mirage.mgmresorts.com,0.0003119738
https://www.shell.si,0.0003086284
https://expressjs.com,0.0003119521
https://www.github.com,0.0003296601
https://blog.twitch.tv,0.0003251058
https://showcase.withgoogle.com,0.0003576312
https://onlinemba.unc.edu,0.0003274126
https://help.entrepreneur.com,0.0003233431
http://shareholders.tpg.com,0.0003715504
https://www.shell.cl,0.0003086284
https://blog.scribd.com,0.0004172266
https://www.smuckers.com,0.0003432684
https://srbachchan.tumblr.com,0.0003119670
https://4cut.exprobay.com,0.0003504248
https://deals.venturebeat.com,0.0003436226
https://demo.presscustomizr.com,0.0004813238
https://cision.influitive.com,0.0003807086
https://videodirect.amazon.com,0.0003135516
https://forms.monday.com,0.0003893576
https://msdn.microsoft.com,0.0004737636
http://ethisphere.com,0.0004098164
https://www.twitch.tv,0.0003798941
https://milestonesbook.wordpress.com,0.0003119670
http://www.bakersfieldjobfinder.com,0.0003836789
https://cz.linkedin.com,0.0003116794
https://support.time.com,0.0003231779
https://codex.bbpress.org,0.0003617487
https://investor.ecolab.com,0.0003379474
https://windows.com,0.0003309472
https://dev.bitly.com,0.0003400222
http://eepurl.com,0.0003176221
https://www.intellum.com,0.0005178477
http://www.tbrandstudio.com,0.0003757038
http://www.bluehost.com,0.0003548543
http://asl.org.br,0.0003078122
https://www.pnlug.it,0.0003078122
https://www.intel.com.tw,0.0003126933
https://bglug.it,0.0003078122
https://commons.wikimedia.org,0.0003108492
https://code.msdn.microsoft.com,0.0003251236
https://de.wikipedia.org,0.0003108492
https://news.lumen.com,0.0003219037
https://www.eyeoncuba.org,0.0003116794
http://osweekends.com,0.0003078122
https://www.gen-deutschland.de,0.0003078122
https://sq.wikipedia.org,0.0003108492
http://press.linkedin.com,0.0009478705
https://github.community,0.0016138068
http://yale.edu,0.0004466714
https://couragefound.org,0.0003078122
https://git.fsfe.org,0.0003078122
https://getsupport.apple.com,0.0003796634
https://geo.itunes.apple.com,0.0003559034
https://hiring.local-jobs.monster.com,0.0003463250
https://woocommerce.com,0.0003612622
https://pages.lumentech.com,0.0003219037
http://support.feedblitz.com,0.0006083558
http://www.jnjvenezuela.com,0.0003110412
https://distributed.blog,0.0003119670
https://timeedge.com,0.0003231779
https://www.stackcommerce.com,0.0004029188
https://www.idealiste.cz,0.0003078122
https://www.t-mobilepr.com,0.0003219037
https://rook.io,0.0003126693
https://developers.googleblog.com,0.0007067131
https://docs.flutter.dev,0.0003407433
https://gdpr.twitter.com,0.0006201554
https://myinspire.microsoft.com,0.0003390076
https://devicepartner.microsoft.com,0.0003390076
https://www.pepsico.com,0.0003275562
https://www.fountain.com,0.0003135516
https://www.openapis.org,0.0003126693
http://www.northropgrumman.com,0.0003105474
https://www.so-netmedia.jp,0.0005022140
https://www.codetriage.com,0.0003977065
https://go.microsoft.com,0.0042665215
https://www.prnewswire.com,0.0006526920
https://www.mgmresorts.com,0.0003169621
https://misc.prnasia.com,0.0003290258
https://press.tpg.com,0.0003715504
http://certificates.green4networks.com,0.0003319556
https://www.audible.com,0.0003135516
http://www.linkedin.com,0.0009097253
https://www.glassdoor.com,0.0006268991
https://www.paypal.com,0.0003943459
https://hubs.li,0.0003559034
http://www.careers.jnj.com,0.0003110412
https://www.jnjbrasil.com.br,0.0003110412
https://www.intel.ca,0.0003126933
http://libreart.info,0.0003078122
https://blinkforhome.com,0.0003135516
https://www.pocketcasts.com,0.0003119670
https://www.centurylink.com,0.0003219037
https://voroskereszt.hu,0.0003767749
https://www.usa.gov,0.0005867333
https://store.entrepreneur.com,0.0003233431
https://groups.google.com,0.0003632381
https://www.intel.sg,0.0003126933
https://www.shell.com.tr,0.0003086284
https://aful.org,0.0003078122
https://ca.wikipedia.org,0.0003108492
https://lfnetworking.org,0.0003126693
https://www.barilla.com,0.0003105474
https://www.cventconnect.com,0.0003465686
http://wave.webaim.org,0.0003711303
https://brooksrunningindia.com,0.0003169614
https://krisp.ai,0.0003119670
https://appstoreconnect.apple.com,0.0003989453
https://mfi.apple.com,0.0003989453
https://webhint.io,0.0003119521
https://mybodymyhealth.org,0.0003943459
http://www.prnewswire.co.in,0.0003433251
https://foundation.wikimedia.org,0.0003108492
http://www.shell.com,0.0003105474
https://tradewater.us,0.0003176221
http://onedrive.uservoice.com,0.0003133797
http://www.outdatedbrowser.com,0.0003315655
https://lv.wikipedia.org,0.0003108492
https://www.citivelocity.com,0.0003935475
http://esprima.org,0.0003119521
https://help.figma.com,0.0003421316
https://chromeos.dev,0.0006208979
https://pharmacy.amazon.com,0.0003135516
https://rustyshelf.org,0.0003119670
https://hi-in.facebook.com,0.0021295391
https://www.guardiananytime.com,0.0003295559
https://help.dayoneapp.com,0.0003119670
https://www.economist.com,0.0003119670
https://www.shell.com.ec,0.0003086284
https://pncinvestments.netxinvestor.com,0.0003181288
https://community.dynamics.com,0.0003844044
https://legal.twitter.com,0.0005666741
https://www.shell.de,0.0003086284
https://desktop.github.com,0.0009139317
https://www.amazon.jobs,0.0003135516
https://drive.google.com,0.0004747265
http://blog.bingads.com,0.0003220263
https://feedbackassistant.apple.com,0.0003989453
https://investor.twitterinc.com,0.0015359705
https://www.brooksrunning.com,0.0003219498
https://en.prnasia.com,0.0003559672
https://fossasia.org,0.0003078122
https://nodesource.com,0.0003119521
https://itunes.apple.com,0.0007234005
https://plone.org,0.0003078122
https://www.cookieyes.com,0.0003424688
https://literally.scribd.com,0.0004172266
https://debian.org,0.0003078122
https://www.shell.hu,0.0003086284
http://mochajs.org,0.0003119521
https://trustoverip.org,0.0003126693
https://www.cision.se,0.0003234200
https://hardenedlinux.github.io,0.0003078122
https://www.obshtestvo.bg,0.0003078122
https://support.google.com,0.0009281629
http://www.tehachapinews.com,0.0003429131
https://usability.yale.edu,0.0006171414
https://www.discourse.org,0.0005829572
https://web.skype.com,0.0003538992
http://blogs.microsoft.com,0.0003319851
https://cn.nytimes.com,0.0004419904
https://facebook.com,0.0014195382
https://chamilo.org,0.0003078122
https://www.kosovo.shell.com,0.0003086284
http://repair.whirlpool.com,0.0003202238
https://fastify.io,0.0003119521
https://support.scribd.com,0.0004172266
https://www.telekom.com,0.0003219037
https://matrix.ms.com,0.0003385547
https://status.discourse.org,0.0003409529
https://www.prnewswire.co.in,0.0003154289
https://www.apertus.org,0.0003078122
https://www.pfizerclinicaltrials.com,0.0003231567
https://devblogs.microsoft.com,0.0004799541
http://www.gnusolidario.org,0.0003078122
https://bugs.chromium.org,0.0003432564
http://www.ey.com,0.0003105474
https://www.prnewswire.fr,0.0003154289
https://status.twitterstat.us,0.0050006586
https://services.google.com,0.0003632381
https://education.github.community,0.0004411165
https://computertruhe.de,0.0003078122
https://www.careers.jnj.com,0.0003110412
https://research.gs.com,0.0003231567
https://www.shell.no,0.0003086284
https://www.nike.com.br,0.0003220569
https://socialimpact.facebook.com,0.0008996806
https://newsroom.accenture.in,0.0003379474
https://onlinecourses.london.ac.uk,0.0003274126
https://support.edx.org,0.0003274126
https://bloxcms.com,0.0003653343
https://www.redbooks.ibm.com,0.0003715504
https://prnewswire.com.mx,0.0003969878
https://www.jakprezitdluhy.cz,0.0003116794
https://www.bellagioshanghai.com,0.0003119738
http://agreementservice.svs.nike.com,0.0003220569
https://cloudblogs.microsoft.com,0.0008003918
https://ti.me,0.0003231779
http://www.google.com,0.0006185735
https://www.calm.com,0.0003119670
https://www.shell.com.do,0.0003086284
http://hospitalrun.io,0.0003119521
https://jobs.coxenterprises.com,0.0003432684
https://business.linkedin.com,0.0020581371
http://presscustomizr.com,0.0005261895
https://get.fabric.io,0.0003925974
https://bn-in.facebook.com,0.0021295391
https://virtualexhibit.zimmerbiomet.com,0.0003348885
https://species.wikimedia.org,0.0003108492
https://friends.figma.com,0.0003421316
https://linkedin.com,0.0006501449
https://web.dev,0.0004559331
https://auth.ageofempires.com,0.0003250435
https://events.atlassian.com,0.0003494029
https://maemo-leste.github.io,0.0003078122
https://air.takeda.com,0.0003432684
http://www.brooksrunning-sa.co.za,0.0003169614
https://about.bankofamerica.com,0.0003258641
http://prnewswireeurope.mediaroom.com,0.0003239750
https://cleanenergyfinanceforum.com,0.0003227304
https://glotpress.org,0.0003283030
http://www.so-netmedia.jp,0.0004627176
https://33df51a4-a-62cb3a1a-s-sites.googlegroups.com,0.0003333645
https://www.jobtechdev.se,0.0003078122
https://epicenter.works,0.0003078122
https://www.bookdepository.com,0.0003135516
https://pca.st,0.0003119670
https://www.teamlab.art,0.0003119670
https://m.pnc.com,0.0003181288
https://www.feedblitz.com,0.0033101899
https://www.employer.gov,0.0003263269
https://www.newscred.com,0.0006752069
http://status.npmjs.org,0.0004197453
http://www.weibo.com,0.0003603600
https://web.library.yale.edu,0.0003197789
https://www.fs-physik.uni-bonn.de,0.0003078122
https://mikelittle.org,0.0003119670
https://carnivalsustainability.com,0.0003220569
https://corporate.target.com,0.0003474656
https://investors.whirlpoolcorp.com,0.0003202238
https://theintern.github.io,0.0003119521
https://wiki.linuxfoundation.org,0.0003126693
https://startups.microsoft.com,0.0011197240
https://mgmnorthfieldpark.mgmresorts.com,0.0003119738
https://vi.wikipedia.org,0.0003108492
https://outlook.live.com,0.0012368728
https://www.onenote.com,0.0010266044
https://www.twitter.com,0.0009528637
https://learn.wordpress.org,0.0004726539
https://blog.twtrinc.com,0.0003925974
https://mp.fsi.fau.de,0.0003078122
https://www.vote.gov,0.0004410120
https://www.shopbop.com,0.0003135516
https://excalibur.mgmresorts.com,0.0003119738
https://www.goldmanpfm.com,0.0003231567
https://www.shell.ca,0.0003086284
http://news.bostonscientific.com,0.0003295559
https://nativescript.org,0.0003119521
https://linuxfoundation.org,0.0003126693
https://vimeo.com,0.0003715632
https://labs.pepsico.com,0.0003275562
https://locusmag.com,0.0003119670
https://www.hersheyland.com,0.0003432684
http://investors.cision.com,0.0003255721
https://discuss.tensorflow.org,0.0003632381
https://www.nike.com.hk,0.0003220569
https://www.promitejity.cz,0.0003116794
https://globalethicssummit.ethisphere.com,0.0004791449
https://www.shell.com.ph,0.0003086284
https://wikimania.wikimedia.org,0.0003108492
https://www.lfedge.org,0.0003126693
https://golangweekly.com,0.0003251058
https://education.github.com,0.0007087929
https://stateofdecay.com,0.0003327221
http://electronjs.org,0.0003574364
https://dojo.io,0.0003119521
https://www.gopherguides.com,0.0003251058
https://developer.issuu.com,0.0003374144
https://www.nber.org,0.0003323348
https://www.shell.com.ar,0.0003086284
http://www.deloitte.com,0.0003105474
https://www.stateofdecay.com,0.0003327221
https://www.mobilize.net,0.0003176221
https://forms.feedblitz.com,0.0006092180
https://subscriptions.statuspage.io,0.0006585142
https://www.lfg.com,0.0003105474
https://wikimedia.fr,0.0003078122
https://www.rare.co.uk,0.0003243589
https://cms.entrepreneur.com,0.0003233431
https://www3.nd.edu,0.0003333645
https://athome.starbucks.com,0.0003194520
https://timecoverstore.com,0.0003231779
http://developer.atlassian.com,0.0003494029
https://ma.tt,0.0005352514
https://mailchi.mp,0.0003471362
http://faculty.som.yale.edu,0.0003333645
https://d-64.org,0.0003078122
https://web.cvent.com,0.0004091757
https://www.dotnetconf.net,0.0004115622
https://blogs.bls.gov,0.0004410120
https://apps.apple.com,0.0008973237
https://www.ups.com,0.0003741535
https://www.prnewswire.fi,0.0003154289
https://doublefinebook.com,0.0003207494
https://nationwidefinancial.com,0.0003187573
http://interledgerjs.org,0.0003119521
https://www.ecolab.com,0.0003429357
https://www.ibm.com,0.0003836134
http://ads.twitter.com,0.0005178477
https://creativecommons.org,0.0003472865
https://openmedia.org,0.0003078122
https://www.raytheonintelligenceandspace.com,0.0003256325
https://newyorknewyork.mgmresorts.com,0.0003119738
https://en.wikipedia.org,0.0004418812
http://prnewswire.mediaroom.com,0.0004319494
https://eigenbaukombinat.de,0.0003078122
http://wp-cli.org,0.0003283030
http://help.campusgroups.com,0.0003761153
https://redteamproject.org,0.0003126693
https://www.dfri.se,0.0003078122
https://securitywithoutborders.org,0.0003078122
http://investors.danaher.com,0.0003319556
https://lgtm.com,0.0003296601
http://www.thecoca-colacompany.com,0.0003105474
https://id.prnasia.com,0.0003290258
https://transparencyreport.janssen.com,0.0003110412
https://aws.amazon.com,0.0003330984
https://cnll.fr,0.0003078122
https://store.sounddevices.com,0.0003119670
http://ai.facebook.com,0.0004034816
https://www.onlinebanking.pnc.com,0.0003181288
https://workspace.google.com,0.0003576312
http://www.seabourn.com,0.0003220569
https://conference.disabilityin.org,0.0004048970
https://doteveryone.org.uk,0.0003078122
https://brooks.tmall.com,0.0003169614
https://www.343industries.com,0.0003243589
https://www.atlassian.com,0.0007737147
https://integreat-app.de,0.0003078122
http://www.quotemedia.com,0.0003583521
https://dynamics.microsoft.com,0.0014655465
https://www.prnasia.com,0.0003865110
http://cnw.en.mediaroom.com,0.0003307673
https://www.aboutamazon.com,0.0003135516
https://www.pfizerrxpathways.com,0.0003231567
https://godaddy.com,0.0003119521
http://www.mgmgrandsanya.com,0.0003119738
https://www.shell.al,0.0003086284
http://feedblitz.com,0.0006083558
https://pub.dev,0.0003407433
http://support.xbox.com,0.0003243589
https://www.linuxmuster.net,0.0003078122
https://www.ccc-consumercarecenter.com,0.0003110412
https://downloadcenter.intel.com,0.0003126933
https://verified.capitalone.com,0.0003220569
https://login.ey.com,0.0003385547
https://newsroom.accenture.com,0.0003379474
https://www.cision.co.uk,0.0003418360
https://epf.org.pl,0.0003078122
https://cvent.me,0.0003465686
https://www.danaher.com,0.0003105474
http://www.pepsico.com,0.0003105474
http://som.yale.edu,0.0004466714
https://codeberg.org,0.0003078122
https://www.janssen.com,0.0003110412
http://www.carnival.com,0.0003220569
https://nytmediakit.com,0.0004951396
https://community.atlassian.com,0.0003494029
https://ucenter.prnasia.com,0.0003290258
https://nike.app.link,0.0003220569
https://www.joomla.org,0.0003078122
https://claimsselfservice.nationwide.com,0.0003187573
https://www.eac.gov,0.0004305125
https://info.accenture.com,0.0003379474
https://foundershub.startups.microsoft.com,0.0003920832
https://accounts.welcomesoftware.com,0.0003629517
https://openbit.eu,0.0003078122
https://publicsoftware.eu,0.0003078122
https://pt.wikipedia.org,0.0003108492
https://blog.cloudflare.com,0.0003251058
https://www.pbgc.gov,0.0003263269
https://www.shell.bf,0.0003086284
https://www.shell.co.ke,0.0003086284
https://education.facebook.com,0.0008996806
http://www.pocruises.co.uk,0.0003220569
https://oculus.com,0.0004034816
https://dot.net,0.0003176221
http://www.target.com,0.0003424773
https://www.intc.com,0.0003126933
https://ast.wikipedia.org,0.0003108492
http://www.macysinc.com,0.0003105474
https://kr.prnasia.com,0.0003290258
https://community.cvent.com,0.0003465686
https://participant.pncbenefitplus.com,0.0003181288
http://developer.chrome.com,0.0006208979
https://beta.support.xbox.com,0.0003146025
https://www.cision.nl,0.0003234200
https://scottbeale.org,0.0003119670
https://eu.wikipedia.org,0.0003108492
https://ir.lumen.com,0.0003219037
https://portal.prnewswire.com,0.0004420562
https://www.fossgis.de,0.0003078122
http://www.worldsleadingcruiselines.com,0.0003220569
http://youtube.com,0.0006092180
https://engineering.linkedin.com,0.0006015416
https://web.powerapps.com,0.0003306283
https://sso.nytcn.me,0.0003592293
http://www.pg.com,0.0003284347
http://www.whirlpoolcorp.com,0.0003202238
https://investors.bostonscientific.com,0.0003295559
https://www.bostonscientific.de,0.0003295559
https://overview.openjsf.org,0.0003119521
https://docs.google.com,0.0004348064
https://www.cloudflare.com,0.0015032656
https://vacationsbymgmresorts.poweredbygps.com,0.0003119738
https://www.imdb.com,0.0003135516
https://bn.wikipedia.org,0.0003108492
https://powerusers.microsoft.com,0.0005113011
https://mobilize.us,0.0003105474
https://www.prnewswire.my,0.0003154289
http://abigelprogram.com,0.0003284347
https://gentoo.org,0.0003078122
https://jobs.jobvite.com,0.0003666697
https://www.prnewswire.com.mx,0.0003154289
http://design.pepsico.com,0.0003275562
https://bellagio.mgmresorts.com,0.0003119738
https://azure.microsoft.com,0.0030342723
https://www.zdnet.com,0.0003251058
https://investor.apple.com,0.0005713993
https://support.sucuri.net,0.0004027178
https://www.laquadrature.net,0.0003078122
https://www.playground-games.com,0.0003243589
http://videopress.com,0.0003386254
https://digitalcourage.de,0.0003078122
https://eo.wikipedia.org,0.0003108492
http://investors.nike.com,0.0003220569
https://lists.openjsf.org,0.0003119521
https://app.cvent.com,0.0003465686
https://socialimpact.linkedin.com,0.0004503887
http://docs.presscustomizr.com,0.0004813238
https://your.demandbase.com,0.0003482076
http://www.industriasoftwarelibero.it,0.0003078122
https://www.helpscout.com,0.0005101217
https://dev.twitter.com,0.0026241987
https://resources.github.com,0.0008727200
http://www.danaher.com,0.0003319556
http://www.princess.com,0.0003220569
https://startup.google.com,0.0006208979
http://compulsiongames.com,0.0003243589
http://www.uzupis.de,0.0003078122
https://app.starbucks.com,0.0003194520
https://linuxfoundation.smapply.io,0.0003126693
https://worldsmostethicalcompanies.com,0.0005074165
https://bg.wikipedia.org,0.0003108492
https://www.figma.com,0.0003421316
https://brand.linkedin.com,0.0014037136
https://es.slideshare.net,0.0011592560
https://www.entrepreneurindia.com,0.0003233431
http://spi-inc.org,0.0003078122
https://f-si.org,0.0003078122
http://newsroom.mgmresorts.com,0.0003119738
https://learning.linkedin.com,0.0022999910
https://looker.com,0.0003576312
http://www.veradas.hu,0.0003284347
http://epam.hu,0.0003284347
http://l.messenger.com,0.0011272323
https://info.joshbersin.com,0.0006402890
https://www.franchiseindia.com,0.0003233431
http://www.cision.fr,0.0003255721
https://www.dol.gov,0.0005863872
https://events.bizzabo.com,0.0004095019
https://www.rescue.org,0.0003400222
https://www.mofo.com,0.0003397513
https://emergency.yale.edu,0.0003197789
http://voroskereszt.hu,0.0003284347
https://www.guardiandirect.com,0.0003295559
https://investors.cvent.com,0.0003465686
https://transparency.twitter.com,0.0015359705
http://www.bp.com,0.0003474656
https://es-la.facebook.com,0.0021295391
https://careers.tiaa.org,0.0003181288
https://investor.capitalone.com,0.0003220569
https://xboxdesignlab.xbox.com,0.0003617384
http://www.mozilla.org,0.0004028292
https://cloud.google.com,0.0007963975
https://www.prnewswire.co.uk,0.0003899856
https://forums.ageofempires.com,0.0003250435
http://quintessenz.at,0.0003078122
https://channel9.msdn.com,0.0004553931
https://mgmgrand.mgmresorts.com,0.0003119738
https://webpack.js.org,0.0003119521
https://armenia.peopleinneed.net,0.0003116794
https://brooksrunning.com.mx,0.0003169614
https://beaurivage.mgmresorts.com,0.0003119738
https://blog.whatsapp.com,0.0003479264
https://twitter.com,0.0136770258
https://entgo.io,0.0003251058
https://www.cisionjobs.com,0.0003255721
https://dotnetfoundation.org,0.0003176221
https://www.greenbiz.com,0.0003227304
https://www.licenseindia.com,0.0003233431
https://portal.prnasia.com,0.0003290258
http://stage.mediaroom.com,0.0003415019
https://www.intel.in,0.0003126933
http://www.hyatt.com,0.0003105474
https://www.strava.com,0.0003169614
https://blogs.dropbox.com,0.0003251058
https://opensource.guide,0.0008115147
https://app1.vocusgr.com,0.0003234200
https://blog.github.com,0.0003730300
https://www.jnjarg.com,0.0003110412
http://www.brooksthailand.com,0.0003169614
https://info.microsoft.com,0.0003500489
http://placeads.bakersfieldbuyandsell.com,0.0003429131
https://joshbersin.com,0.0010312875
https://directory.yale.edu,0.0003197789
https://onedrive.live.com,0.0010266044
https://support.office.com,0.0003382891
https://www.torproject.org,0.0003078122
https://stratum0.org,0.0003078122
http://oknrw.de,0.0003078122
https://www.capitalonecareers.com,0.0003220569
http://advancedmanagement.tumblr.com,0.0003401879
https://www.adpweb.com.br,0.0003264532
https://www.shell.com.au,0.0003086284
https://mva.microsoft.com,0.0003251236
https://microsoft.com,0.0008889355
https://klima.clovekvtisni.cz,0.0003116794
https://ml.wikipedia.org,0.0003108492
https://powerplatform.microsoft.com,0.0016400910
https://classroom.github.com,0.0004606658
https://music.yale.edu,0.0003197789
https://www.compbiomed.eu,0.0003613997
https://www.wikimedia.se,0.0003078122
https://www.jnjchile.com,0.0003110412
https://www.ssfshop.com,0.0003169614
https://www.bitsoffreedom.nl,0.0003078122
https://www.jnj.co.jp,0.0003110412
http://www.pepsicobeveragefacts.com,0.0003275562
https://www.shell.sk,0.0003086284
https://www.carnivalcorp.com,0.0003220569
https://www.esrb.org,0.0003445280
https://www.iam8bit.com,0.0003207494
https://www.brooksrunning.com.my,0.0003169614
https://engagingnetworks.support,0.0003348885
http://todogroup.org,0.0003126693
https://mvtd.events.microsoft.com,0.0003157698
https://www.facebook.com,0.0108852651
http://blogs.technet.com,0.0003220263
https://github.myshopify.com,0.0006095118
https://www.april.org,0.0003078122
https://www.shell.eg,0.0003086284
https://blog.tensorflow.org,0.0003632381
http://JNJinnovation.com,0.0003110412
https://www.fdic.gov,0.0003220569
https://www.joincolossus.com,0.0003119670
https://emeablog.lumen.com,0.0003219037
https://groupon.com,0.0003119521
http://blogs.office.com,0.0003220263
http://support.microsoft.com,0.0003157698
https://www.msha.gov,0.0003263269
http://applause.bakersfield.com,0.0004512971
https://s3.us-east-2.amazonaws.com,0.0003432684
https://www.nationwide.com,0.0003187573
http://twitter.com,0.0014559433
https://cubalog.eu,0.0003116794
https://web.demandbase.com,0.0003482076
https://podcasts.apple.com,0.0003291383
https://signup.e2ma.net,0.0003227304
https://teletype.atom.io,0.0004570967
http://investors.pfizer.com,0.0003231567
http://blogs.skype.com,0.0003220263
https://www.charterworks.com,0.0003231779
https://gamesbeatsummit.venturebeat.com,0.0003471362
https://codeql.github.com,0.0006805012
https://www.shell.fi,0.0003086284
https://publiccode.eu,0.0005699240
https://www.finra.org,0.0003606566
https://facil.qc.ca,0.0003078122
https://wiki.wikimedia.it,0.0003078122
https://ansol.org,0.0003078122
https://bcnfs.org,0.0003078122
https://globalassets.starbucks.com,0.0003194520
https://www.shell.com.mx,0.0003086284
https://mk.wikipedia.org,0.0003108492
https://secure.skype.com,0.0003206372
https://todogroup.org,0.0003126693
https://press.linkedin.com,0.0014037136
https://careers.google.com,0.0003407433
https://www.twitterflightschool.com,0.0017482592
https://investor.gartner.com,0.0003420672
https://disin.swoogo.com,0.0003485794
http://digital.olivesoftware.com,0.0003279803
http://www.jnjcolombia.com,0.0003110412
https://www.shell.ch,0.0003086284
https://www.bls.gov,0.0005243870
https://github.com,0.0049073072
https://scribd.com,0.0011592560
http://osb-alliance.de,0.0003078122
https://campus.co,0.0003495393
http://www.jedensvet.sk,0.0003424688
https://aircraft.airbus.com,0.0003174762
https://affiliate-program.amazon.com,0.0003135516
https://careers.microsoft.com,0.0015327584
https://www.intel.de,0.0003126933
https://invisionapp.com,0.0003481588
https://drupal.org,0.0003078122
https://capitaloneshopping.com,0.0003220569
https://shop.hersheys.com,0.0003432684
https://templates.office.com,0.0003802418
https://accounts.google.com,0.0008999797
https://lab.github.com,0.0008597660
https://www.indikit.net,0.0003116794
http://takedavaccines.com,0.0003432684
https://support.squarespace.com,0.0003119670
https://blog.citigroup.com,0.0003935475
https://bitly.com,0.0003595690
https://www.shell.fr,0.0003086284
https://www.shell.nl,0.0003086284
https://l.messenger.com,0.0011272323
https://javascriptlandia.com,0.0003119521
https://www.fastcompany.com,0.0003227304
https://bylaws.openjsf.org,0.0004362317
https://openstate.eu,0.0003078122
https://prd-sc101-cdn.rtx.com,0.0003256325
https://bs.wikipedia.org,0.0003108492
http://momentjs.com,0.0003119521
https://support.stateofdecay.com,0.0003327221
https://discord.gg,0.0004493231
http://www.beian.gov.cn,0.0003409430
https://anildash.com,0.0003119670
https://portal.hud.gov,0.0003187573
https://events.linuxfoundation.org,0.0003190623
http://www.promitejity.cz,0.0003116794
https://www.parsintl.com,0.0003409620
https://support.obsidian.net,0.0003302860
https://www.ow2.org,0.0003078122
http://freeknowledge.eu,0.0003078122
http://www.hrc.org,0.0003484802
https://krogsgard.com,0.0003119670
https://coinbase.com,0.0003119521
https://status.figma.com,0.0003421316
https://payments.google.com,0.0005070479
https://www.guardianlife.com,0.0003105474
https://my.atlassian.com,0.0003494029
https://www.stockplanconnect.com,0.0003385547
https://investor.lyft.com,0.0003484802
https://research.facebook.com,0.0008064210
https://status.feedblitz.com,0.0013577796
https://www.dotvvm.com,0.0003176221
https://www.scribd.com,0.0004172266
https://www.marcus.com,0.0003231567
http://blogs.msdn.com,0.0003220263
http://business.linkedin.com,0.0009478705
http://www.onedrive.com,0.0003133797
https://www.amazon.com,0.0003199595
http://www.mgmmirageaffiliates.com,0.0003119738
https://developer.nationwide.com,0.0003187573
https://merltech.org,0.0003601676
https://flutter.dev,0.0006208979
https://ads.google.com,0.0004352289
https://app.demandbase.com,0.0003482076
https://te-in.facebook.com,0.0021295391
https://wpvip.com,0.0003641211
https://th.wikipedia.org,0.0003108492
https://fortune.com,0.0012114044
http://www.pinterest.com,0.0003220263
http://www.prnewswire.co.uk,0.0003433251
http://www.beniganim.es,0.0003078122
http://democracyos.eu,0.0003078122
https://ensinolivre.pt,0.0003078122
https://ride.lyft.com,0.0003484802
https://foundation.graphql.org,0.0003126693
https://www.linkedin.com,0.0091197776
https://medium.com,0.0004750591
https://enterprise.github.com,0.0004315318
http://developer.github.com,0.0003730300
https://locators.bankofamerica.com,0.0003258641
http://www.slideshare.net,0.0006249474
https://octopus.com,0.0003176221
http://en.wordpress.com,0.0003386254
https://hu.wikipedia.org,0.0003108492
https://gl.wikipedia.org,0.0003108492
https://arturoolmos.com,0.0003119670
https://courses.edx.org,0.0003274126
https://g.co,0.0003632381
https://veritas.its.yale.edu,0.0004466714
https://luxor.mgmresorts.com,0.0003119738
https://www.shell.com.cv,0.0003086284
https://securitylab.github.com,0.0003296601
https://careers.linkedin.com,0.0007621731
https://wordpress.org,0.0012195152
http://www.legacy.com,0.0003257674
https://www.usbank.com,0.0003105474
http://www.globalnevzdelavanie.sk,0.0003424688
https://www.perssupport.nl,0.0003154289
http://www.sppah.org.pl,0.0003384349
https://store.steampowered.com,0.0003207494
https://jobs.rossstores.com,0.0003484802
http://news.nike.com,0.0003220569
https://partner.microsoft.com,0.0007083225
https://eyglobal.yello.co,0.0003385547
https://medialepfade.org,0.0003078122
https://amp.dev,0.0003119521
https://news.microsoft.com,0.0016554713
https://blogs.microsoft.com,0.0006628779
https://moldova.peopleinneed.net,0.0003116794
https://forums.obsidian.net,0.0003302860
https://thishosting.rocks,0.0003078122
http://flossk.org,0.0003078122
http://www.jef-rlp.de,0.0003078122
https://www.jnj.ru,0.0003110412
http://www.bing.com,0.0003220263
https://insider.windows.com,0.0003238078
https://www.rechenkraft.net,0.0003078122
https://www.alexa.com,0.0003135516
http://l.facebook.com,0.0012106476
https://www.libelektra.org,0.0003078122
https://codelabs.developers.google.com,0.0003654594
https://my.insideview.com,0.0003482076
https://wpia.club,0.0003078122
https://www.shell.com.pr,0.0003086284
http://www.ocean.com,0.0003220569
https://dev.office.com,0.0003251236
https://xnet-x.net,0.0003078122
http://whirlpoolcorp.com,0.0003202238
https://help.glassdoor.com,0.0004660111
http://monster-usen.custhelp.com,0.0003463250
https://en.wiktionary.org,0.0003108492
http://facebook.com,0.0004243657
http://www.prnewswire.ae,0.0003433251
http://www.kaspick.com,0.0003181288
https://www.isf.es,0.0003078122
http://investor.zimmerbiomet.com,0.0003348885
https://messageformat.github.io,0.0003119521
https://www.lfph.io,0.0003126693
https://www.aka.ms,0.0003306283
https://auth.trendkite.com,0.0003234200
https://www.securelandcommunications.com,0.0003174762
https://kdp.amazon.com,0.0003135516
https://login.live.com,0.0003553324
https://partner.github.com,0.0007231727
https://www.microsoftstore.com,0.0003146025
https://www.accenture.com,0.0003429357
https://www.valueformoney.guide,0.0003116794
https://slat.org,0.0003078122
https://www.jnjconsumerhealth.com,0.0003110412
https://www.viacomcbs.legal,0.0003219037
https://es.t-mobile.com,0.0003219037
https://www.pepsicopartners.com,0.0003275562
http://www.otevrenamesta.cz,0.0003078122
https://pro.imdb.com,0.0003135516
https://www.mgm.mo,0.0003119738
https://www.northstarmeetingsgroup.com,0.0003465686
https://events.flutter.dev,0.0003407433
https://pkg.go.dev,0.0003251058
https://www.alaskaair.com,0.0003105474
http://www.gvsig.com,0.0003078122
https://europe.medtronic.com,0.0003315655
https://biz.twitter.com,0.0003925974
http://www.jnjmexico.com,0.0003110412
https://pepsicohealthandnutritionsciences.com,0.0003275562
https://help.twitter.com,0.0027911318
https://www.debian.org,0.0003977065
https://stars.github.com,0.0004819382
http://rapidworks.pl,0.0003384349
https://www.natpara.com,0.0003432684
https://www.shell.com.vn,0.0003086284
https://www.shell.pl,0.0003086284
https://blog.edx.org,0.0003274126
https://meta.trac.wordpress.org,0.0003386254
https://www.apc.org,0.0003078122
https://guardianlife.custhelp.com,0.0003295559
https://www.shell.com.bn,0.0003086284
https://snapcraft.io,0.0003685773
https://developer.amazon.com,0.0003135516
https://www.thelivingbalancesheet.com,0.0003295559
https://www.orderroutingdisclosure.com,0.0003295559
https://www.es.python.org,0.0003078122
https://gen-europe.org,0.0003078122
https://www.intelligence-airbusds.com,0.0003174762
https://en.wikibooks.org,0.0003108492
http://linkedin.github.io,0.0006054269
https://login.wordpress.org,0.0009197278
https://www.bestbuy.com,0.0003105474
https://developer.github.com,0.0007294076
https://www.prnewswire.ae,0.0003154289
https://visitorcenter.yale.edu,0.0003197789
https://www.visualstudio.com,0.0003883014
https://mongolia.peopleinneed.net,0.0003116794
https://ta-in.facebook.com,0.0021295391
https://forzamotorsport.net,0.0003250435
https://onlinebanking.usbank.com,0.0003348885
https://www.woot.com,0.0003135516
http://markojs.com,0.0003119521
https://bootcamp.berkeley.edu,0.0003274126
http://www.bingads.com,0.0003220263
https://developercommunity.visualstudio.com,0.0003206687
https://devicesupport.microsoft.com,0.0003146025
https://digistories.jsns.cz,0.0003116794
https://www.ey.com,0.0003397513
https://news.yale.edu,0.0003197789
https://summer.yale.edu,0.0003197789
https://okfn.org,0.0003078122
https://news.bostonscientific.com,0.0003295559
https://time.com,0.0003523773
https://www.izon.cz,0.0003116794
https://developer.apple.com,0.0005493310
https://community.t-mobile.com,0.0003219037
https://brooksrunning.com.ph,0.0003169614
https://www.office.com,0.0003175296
https://partners.demandbase.com,0.0003482076
https://secretary.yale.edu,0.0003197789
https://www.theblogstarter.com,0.0003119521
https://feedback.azure.com,0.0004177614
https://mercantile.wordpress.org,0.0006922025
https://promitejity.cz,0.0003116794
https://www.openstreetmap.fr,0.0003078122
https://investors.rtx.com,0.0003256325
https://www.ayco.com,0.0003231567
https://developer.feedblitz.com,0.0007725153
https://covid19.yale.edu,0.0003197789
https://podcasts.google.com,0.0003119670
https://www.thinkupthemes.com,0.0005255592
https://tfsg.code4.ro,0.0003478989
https://news.northropgrumman.com,0.0003348885
https://locations.capitalone.com,0.0003220569
https://uk.wikipedia.org,0.0003108492
https://alum.som.yale.edu,0.0003320291
https://support.twitter.com,0.0007190680
http://cmm.prnasia.com,0.0003290258
http://www.prncloud.com,0.0003433251
https://docs.frontity.org,0.0003119670
https://www.shell.com.gn,0.0003086284
http://windows.microsoft.com,0.0003345960
https://globalnetwork.io,0.0003666579
http://www.cision.co.uk,0.0003439880
https://support.brooksrunning.com,0.0003169614
https://www.shell.co.uk,0.0003086284
https://sentry.io,0.0003119521
https://nam06.safelinks.protection.outlook.com,0.0003157698
https://www.microsoftpartnercommunity.com,0.0003390076
https://support.atlassian.com,0.0003494029
https://www.icloud.com,0.0005713993
https://starthub.london.edu,0.0003613997
https://www.microsoft.com,0.0044420701
https://app.vssps.visualstudio.com,0.0003687368
https://www.worker.gov,0.0003263269
https://starbucks.com,0.0003194520
https://about.facebook.com,0.0026098258
https://civictech.ro,0.0003078122
https://investor.t-mobile.com,0.0003219037
https://www.meetup.com,0.0004081438
https://www.doucujte.cz,0.0003116794
https://store.playstation.com,0.0003207494
https://www.shell.it,0.0003086284
https://welcomesoftware.com,0.0003629517
https://wikimedia.de,0.0003078122
http://www.jnj.com.au,0.0003110412
https://ark.intel.com,0.0003126933
https://www.entrepreneur.com,0.0003347584
http://mediakit.bakersfield.com,0.0003429131
https://www.oig.dol.gov,0.0005863872
https://trademark-policy.openjsf.org,0.0004362317
http://discover.odai.yale.edu,0.0003197789
http://www.prnewswire.com.mx,0.0003264532
http://colectic.coop,0.0003078122
http://www.google.ie,0.0003110412
http://www.investor.jnj.com,0.0003110412
https://lfedge.org,0.0003126693
https://www.edx.org,0.0006427515
http://hub.aa.com,0.0003105474
https://master.franchiseindia.com,0.0003233431
https://sucuri.net,0.0004027178
https://www.shell.com.gh,0.0003086284
https://investor.bankofamerica.com,0.0003258641
https://www.sec.gov,0.0003119670
https://blogs.partner.microsoft.com,0.0003390076
https://www.infragistics.com,0.0003176221
https://hk.prnasia.com,0.0003290258
https://guides.github.com,0.0004411165
https://choice.microsoft.com,0.0017138470
https://bersinacademy.com,0.0003681662
https://developer.twitter.com,0.0015359705
https://envision.event.microsoft.com,0.0003165791
https://pandemic.oversight.gov,0.0004301663
https://blog.atom.io,0.0005788368
https://investor.zimmerbiomet.com,0.0003348885
https://matiasventura.com,0.0003119670
https://store.facebook.com,0.0007084984
https://websitesetup.org,0.0003119521
https://support.apple.com,0.0007846341
http://jerugroup.eng.ox.ac.uk,0.0003613997
https://efn.no,0.0003078122
http://www.aida.de,0.0003220569
https://account.microsoft.com,0.0015529230
https://platform.uno,0.0003176221
https://www.yettel.hu,0.0003284347
https://www.shell.com.ro,0.0003086284
https://zh.wikipedia.org,0.0003108492
https://code-of-conduct.openjsf.org,0.0003119521
http://www.soit.sk,0.0003078122
https://www.acx.com,0.0003135516
https://www.shell.pe,0.0003086284
https://careers.rtx.com,0.0003256325
https://vdara.mgmresorts.com,0.0003119738
https://fa.wikipedia.org,0.0003108492
https://faq.whatsapp.com,0.0003479264
https://education.microsoft.com,0.0013393111
http://www.xbox.com,0.0003243589
https://www.usnews.com,0.0003347584
http://www.promoteiq.com,0.0003796159
https://advertising.amazon.com,0.0003135516
https://agency.nationwide.com,0.0003187573
https://www.pnc.com,0.0003181288
https://safety.google,0.0005227170
https://support.stackcommerce.com,0.0004029188
https://communications.yale.edu,0.0003197789
http://gruntjs.com,0.0003119521
https://jenkins.io,0.0003126693
https://www.disasterassistance.gov,0.0003263269
http://www.jnjcentroamerica.com,0.0003110412
https://www.shell.com.gt,0.0003086284
https://messenger.com,0.0030876865
https://www.greeklug.gr,0.0003078122
https://donate.wikimedia.org,0.0003108492
http://about.nike.com,0.0003220569
https://jobs.nike.com,0.0003220569
https://c.singular.net,0.0007032779
https://www.raytheonmissilesanddefense.com,0.0003256325
https://avbypass2.millercoors.com,0.0003495533
https://kurz-klimazmena.clovekvtisni.cz,0.0003116794
https://www.threebit.io,0.0003176221
http://www.w3.org,0.0003711303
https://www.intel.ru,0.0003126933
https://www.shell.bg,0.0003086284
https://digitalegesellschaft.de,0.0003078122
https://aldil.org,0.0003078122
https://www.molsoncoors.com,0.0003495533
https://pools.mgmresorts.com,0.0003119738
http://www.libreitalia.it,0.0003078122
https://investor.starbucks.com,0.0003194520
https://www.shell.es,0.0003086284
http://producthelp.whirlpool.com,0.0003202238
https://slack.com,0.0003939232
https://meta.discourse.org,0.0003409529
https://beta.bls.gov,0.0004410120
https://cloudonair.withgoogle.com,0.0003576312
https://twitch.tv,0.0004001968
https://www.fritolay.com,0.0003275562
https://redeem.microsoft.com,0.0003617384
https://westernbalkans.peopleinneed.net,0.0003116794
https://iforgot.apple.com,0.0003796634
http://messageformat.github.io,0.0003119521
https://playground-games.com,0.0003449455
https://pinterest.com,0.0003374144
http://www.jnjcanada.com,0.0003110412
https://chromeenterprise.google,0.0003576312
https://belong.yale.edu,0.0003197789
https://chwi.jnj.com,0.0003110412
https://archive.starbucks.com,0.0003194520
https://delivery.starbucks.com,0.0003194520
https://www.shell.com.kz,0.0003086284
https://www.chevron.com,0.0003275562
http://www.ibm.com,0.0003105474
http://www.cision.nl,0.0003255721
https://f-droid.org,0.0003078122
https://ideas.powerbi.com,0.0003546283
https://www.grapecity.com,0.0003176221
https://help.issuu.com,0.0003374144
https://shared.tiaa.org,0.0003181288
https://openuk.uk,0.0003078122
http://takedaoncology.com,0.0003432684
https://multiproduct.nationwide.com,0.0003187573
http://,0.0003390076
https://www.codemag.com,0.0003176221
https://it.wikipedia.org,0.0003108492
https://lt.wikipedia.org,0.0003108492
https://investors.atlassian.com,0.0003494029
https://discord.com,0.0003207494
https://www.vogue.com,0.0003227304
https://home.kpmg.com,0.0003284347
https://www.flickr.com,0.0004657187
https://www.udruga-point.hr,0.0003078122
https://eero.com,0.0003135516
https://www.shell.co.th,0.0003086284
http://jobs.coxenterprises.com,0.0003432684
https://www.tpg.com,0.0003105474
https://www.lumen.com,0.0003268920
http://www.advancedmanagement.net,0.0003603600
https://www.nluug.nl,0.0003078122
https://idcdocserv.com,0.0003315388
https://upify.com,0.0003613997
https://reprints2.forrester.com,0.0003500489
http://molsoncoors.com,0.0003495533
https://mgmnationalharbor.mgmresorts.com,0.0003119738
https://www.shell.co.za,0.0003086284
https://www.shell.com.ru,0.0003086284
https://myaccount.google.com,0.0005579012
https://bootcamp.cvn.columbia.edu,0.0003274126
https://www.ardanlabs.com,0.0003251058
https://pluralistic.net,0.0003119670
https://www.wikimedia.cz,0.0003078122
https://signin.guardianlife.com,0.0003295559
https://newsroom.bankofamerica.com,0.0003258641
https://visualstudio.microsoft.com,0.0016924952
https://www.nike.com,0.0003220569
https://www.usajobs.gov,0.0003263269
https://locate.apple.com,0.0006455036
https://zh-min-nan.wikipedia.org,0.0003108492
https://go.skype.com,0.0003902565
https://business.twitter.com,0.0042525251
https://cta-redirect.hubspot.com,0.0003681662
https://www.linuxfoundation.org,0.0004433419
https://www.konglomerat.org,0.0003078122
https://newsroom.in.paypal-corp.com,0.0003893576
http://www.flickr.com,0.0006092180
https://app2.cision.com,0.0003307673
https://www.shell.cz,0.0003086284
https://kurz-asistenti.clovekvtisni.cz,0.0003116794
https://www.cision.no,0.0003234200
http://www.cision.no,0.0003255721
https://medicine.yale.edu,0.0003197789
https://opensource.org,0.0003078122
https://idfs.gs.com,0.0003231567
https://wondery.com,0.0003119670
https://www.oktawave.com,0.0003384349
https://poorvucenter.yale.edu,0.0003197789
https://typo3.org,0.0003078122
https://www.pfizerpro.com,0.0003231567
https://w3techs.com,0.0003119670
https://services.github.com,0.0014171879
https://law.yale.edu,0.0003197789
https://gfoss.eu,0.0003078122
https://olui2.fs.ml.com,0.0003258641
http://investor.twitterinc.com,0.0003925974
https://airbus.com,0.0003174762
https://www.centauro.com.br,0.0003169614
https://pfizer.wd1.myworkdayjobs.com,0.0003231567
https://www.eshopworld.com,0.0003220569
https://www.openmainframeproject.org,0.0003126693
https://technology.riotgames.com,0.0003251058
http://majornelson.com,0.0003243589
https://www.googlecloudpresscorner.com,0.0003576312
https://electronjs.org,0.0008614475
https://www.jnjmedicaldevices.com,0.0003110412
https://www.intel.co.jp,0.0003126933
https://mandalaybay.mgmresorts.com,0.0003119738
https://www.protocol.com,0.0003119670
https://feeds.feedburner.com,0.0003436226
https://shop.hrc.org,0.0003534686
https://www.takeda.com,0.0003105474
https://privacyportal.onetrust.com,0.0003482076
https://www.jenkins.io,0.0003126693
https://www.lfnetworking.org,0.0003126693
http://www.pfizer.com,0.0003105474
https://www.tiktok.com,0.0003352743
https://www.nexcess.net,0.0003548543
https://www.linux-magazine.com,0.0003078122
https://www.tbrandstudio.com,0.0003883201
http://www.clovekvohrozeni.sk,0.0003424688
https://ellak.org.cy,0.0003078122
https://www.theverge.com,0.0003119670
https://code4.us13.list-manage.com,0.0003478989
http://www.jnjecuador.com,0.0003110412
https://pfizer.com,0.0003231567
https://www.inxile-entertainment.com,0.0003544906
http://www.nytco.com,0.0003757038
https://stories.starbucks.com,0.0003194520
https://om.co,0.0003119670
https://lfx.dev,0.0003126693
https://townnews.com,0.0004332106
https://direitosdigitais.pt,0.0003078122
http://www.rampalab.org,0.0003078122
https://www.capitalone.com,0.0003220569
https://txb.gs.com,0.0003231567
https://www.shell.com.br,0.0003086284
https://blog.nationwide.com,0.0003187573
http://wordpress.org,0.0006490403
http://www.jnj.com.cn,0.0003110412
https://www.intel.com.au,0.0003126933
https://gs-mosaic.gs.com,0.0003231567
https://techcrunch.com,0.0003119670
https://developers.cvent.com,0.0003465686
https://www.shell.co.ug,0.0003086284
https://google.com,0.0004378113
https://www.wordpress.org,0.0005208592
https://mqtester.jsns.cz,0.0003116794
https://app.cision.com,0.0003686412
https://www.intel.co.uk,0.0003126933
https://www.goodreads.com,0.0003135516
https://overcast.fm,0.0003119670
https://nn.wikipedia.org,0.0003108492
https://support.serviceshub.microsoft.com,0.0004218596
https://cards-dev.twitter.com,0.0015359705
https://mr-in.facebook.com,0.0021295391
https://www.load-ev.de,0.0003078122
https://mgmspringfield.mgmresorts.com,0.0003119738
https://www.electronjs.org,0.0006760560
https://www.freie-messenger.de,0.0003078122
https://www.shelloman.com.om,0.0003086284
https://ru.wikipedia.org,0.0003108492
https://www.nike.cl,0.0003220569
https://www.cockroachlabs.com,0.0003251058
https://instagram.com,0.0005635609
https://support.forzamotorsport.net,0.0003250435
https://locations.tiaa.org,0.0003181288
https://careers.thehersheycompany.com,0.0003432684
http://www.facebook.com,0.0008785261
http://eedition.bakersfield.com,0.0003429131
https://ml-in.facebook.com,0.0021295391
https://vote.gov,0.0003263269
https://neutrinet.be,0.0003078122
http://www.novalsys.com,0.0003761153
https://www.ccc.de,0.0003078122
https://www.shell.com.py,0.0003086284
https://ko.wikipedia.org,0.0003108492
https://www.zephyrproject.org,0.0003126693
https://bela.ethisphere.com,0.0004827135
https://recruit-holdings.com,0.0006511241
https://www.prncloud.com,0.0003433251
https://spinnaker.io,0.0003126693
https://blogs.windows.com,0.0005290469
https://majornelson.com,0.0003662912
https://console.firebase.google.com,0.0004352289
https://central.wordcamp.org,0.0005219491
https://nytco-assets.nytimes.com,0.0003757038
https://ninjatheory.com,0.0003243589
http://world.yale.edu,0.0003197789
https://global.medtronic.com,0.0003315655
https://marquee.gs.com,0.0003231567
https://support.github.com,0.0012758344
https://account.windowsazure.com,0.0004177614
https://www.girlsmakegames.com,0.0003207494
https://www.fossbd.org,0.0003078122
https://www.openknowledge.be,0.0003078122
https://www.pillpack.com,0.0003135516
https://www.affirm.com,0.0003202238
https://www.frostbite.com,0.0003409529
https://bizspark.microsoft.com,0.0003251236
http://aka.ms,0.0003641050
https://e-editiones.org,0.0003078122
https://do-foss.de,0.0003078122
https://my.t-mobile.com,0.0003219037
https://www.boxofficemojo.com,0.0003135516
https://www.shell.com.bo,0.0003086284
https://vitess.io,0.0003126693
https://cloud.newsletters.time.com,0.0003231779
http://blog.twitter.com,0.0003709147
https://nomadlasvegas.mgmresorts.com,0.0003119738
http://banat.cz,0.0003116794
https://openjsf.org,0.0004362317
https://pt.slideshare.net,0.0011592560
https://community.wd.com,0.0003409529
http://www.prnasia.com,0.0003702665
https://secure.ethicspoint.com,0.0003110412
https://www.jedensvetonline.cz,0.0003116794
https://www.timeforkids.com,0.0003231779
http://www.cision.fi,0.0003255721
https://public.govdelivery.com,0.0003263269
https://appleid.apple.com,0.0005713993
https://id.wikipedia.org,0.0003108492
https://www.bankofamerica.com,0.0003258641
https://www.pinterest.com,0.0006915814
https://marketplace.atlassian.com,0.0003494029
http://partner.github.com,0.0004963181
https://flow.microsoft.com,0.0005603703
http://www.townnews.com,0.0003734354
https://www.whirlpool.com,0.0003202238
https://presscustomizr.com,0.0007933592
https://brand.airbus.com,0.0003174762
https://www.guyraz.com,0.0003119670
https://et.wikipedia.org,0.0003108492
https://products.office.com,0.0004566659
https://www.intel.fr,0.0003126933
https://business.bofa.com,0.0003258641
https://sciencecertified.ecolab.com,0.0003379474
https://gpul.org,0.0003078122
http://blog.linkedin.com,0.0014531495
https://developer.wordpress.org,0.0004726539
https://pep.foundation,0.0003078122
https://shop.ring.com,0.0003135516
https://www.chevronwithtechron.com,0.0003275562
https://www.spinnaker.io,0.0003126693
https://marketing.twitter.com,0.0037137659
https://www.raregames.store,0.0005812641
https://www.gimp.org,0.0003078122
http://www.gnu.org,0.0004028292
https://www.shell.ci,0.0003086284
https://thetableunderground.com,0.0003227304
http://www.sentilo.io,0.0003078122
https://www.intel.ie,0.0003126933
https://developer.gs.com,0.0003231567
https://apacblog.lumen.com,0.0003219037
http://jqueryui.com,0.0003119521
https://discordstatus.com,0.0003819440
http://msdn.microsoft.com,0.0003251236
https://developer.wordpress.com,0.0003577131
https://www.ils.org,0.0003078122
https://pfizerretailstore.mypromomall.com,0.0003231567
https://forms.gle,0.0003601676
https://try.discourse.org,0.0003409529
https://about.twitter.com,0.0037137659
https://maps.google.co.in,0.0003943424
https://jobs.gartner.com,0.0003420672
http://www.cision.se,0.0003255721
https://www.leadtools.com,0.0003176221
https://docs.npmjs.com,0.0007705863
https://web.stanford.edu,0.0003333645
https://allmend.ch,0.0003078122
https://www.knowyourhealth.com,0.0003295559
https://prnewswire.com.br,0.0004178819
https://engineering.twitter.com,0.0003925974
http://career-advice.local-jobs.monster.com,0.0003463250
https://tv.apple.com,0.0004084731
https://locations.usbank.com,0.0003348885
https://www.skype.com,0.0011113018
https://forums.inxile-entertainment.com,0.0003356908
https://emeaportal.prnewswire.com,0.0003239750
https://www.shell.com.co,0.0003086284
https://inthecloud.withgoogle.com,0.0004016115
http://www.hersheys.com,0.0003105474
http://stateofdecay.com,0.0003327221
https://yalecollege.yale.edu,0.0003197789
https://digidemlab.org,0.0003078122
https://www.mozilla.org,0.0003307452
https://www.thereadypatient.com,0.0003348885
http://news.microsoft.com,0.0003529808
https://www.specialeffect.org.uk,0.0003207494
https://nabe.com,0.0003323348
https://www.shell.com.kw,0.0003086284
https://en.wikiversity.org,0.0003108492
https://prometheus.io,0.0003126693
https://www.prnewswire.com.br,0.0003323009
https://kn-in.facebook.com,0.0021295391
https://je.yalecollege.yale.edu,0.0003197789
https://magazine.ethisphere.com,0.0005330579
http://advertise.bakersfield.com,0.0004920630
https://sistema.rh1000.com.br,0.0003224310
https://bbpdevel.wordpress.com,0.0003617487
https://discourse.org,0.0003409529
https://events.microsoft.com,0.0003251236
https://hrtechprivacy.com,0.0008130943
http://locomotive.ca,0.0003607001
https://www.bbb.org,0.0004029188
https://widgets.newscred.com,0.0003629517
https://www.cargill.com,0.0003495533
https://wikimediafoundation.org,0.0003108492
https://www.wikidata.org,0.0003108492
http://www.pocruises.com.au,0.0003220569
https://www.clovekvtisni.cz,0.0003600196
https://socialimpact.github.com,0.0006549404
https://wilhelmtux.ch,0.0003078122
https://www.stiftungdatenschutz.org,0.0003078122
https://www.servicebench.com,0.0003202238
https://secure.pnc.com,0.0003181288
https://shop.github.com,0.0009139317
https://feedburner.google.com,0.0008897176
https://vision.tiaa.org,0.0003181288
https://ja.wikipedia.org,0.0003108492
https://appsource.microsoft.com,0.0015010992
https://www.gartner.com,0.0003865570
https://www.medtronic.com,0.0003365538
https://trumbull.yalecollege.yale.edu,0.0003197789
https://wptv.wordpress.com,0.0003386254
https://www.paypalobjects.com,0.0003893576
http://www.microsoft.com,0.0004892037
https://www.bulletin.com,0.0021295391
https://jetpack.com,0.0003548543
http://kersnikova.org,0.0003078122
http://up-for-grabs.net,0.0003977065
https://investor.accenture.com,0.0003379474
https://www.aquilenet.fr,0.0003078122
http://www.jnjperu.com,0.0003110412
https://sk.wikipedia.org,0.0003108492
https://azuremarketplace.microsoft.com,0.0014520300
http://marketplace.bakersfield.com,0.0003279803
https://www.icsdelivery.com,0.0003275562
https://yrise.yale.edu,0.0003598345
https://www.intel.com.tr,0.0003126933
http://automattic.com,0.0003119670
https://aka.ms,0.0015726662
https://www.rtx.com,0.0003306208
https://fachschaft.physik.uni-mainz.de,0.0003078122
https://developer.ibm.com,0.0003715504
https://www.sparrowsoccer.com,0.0003504248
http://sanskritshlok.com,0.0003504248
https://technet.microsoft.com,0.0004541990
https://docs.github.com,0.0013185744
http://blogs.partner.microsoft.com,0.0003390076
https://www.devexpress.com,0.0003176221
http://itunes.apple.com,0.0003479264
https://ihub.pnc.com,0.0003181288
https://hleda.se,0.0003116794
https://www.nngroup.com,0.0003711303
https://spring.capitalone.com,0.0003220569
https://www.reddit.com,0.0003432564
https://groups.som.yale.edu,0.0003320291
http://www.cision.de,0.0003255721
https://forhumanity.yale.edu,0.0003197789
https://www.galpon.org,0.0003078122
http://feeds.feedburner.com,0.0003436226
https://milostiveleto.cz,0.0003116794
https://latinoamerica.medtronic.com,0.0003315655
https://releases.figma.com,0.0003421316
https://bootcamp.pe.gatech.edu,0.0003274126
https://support.skype.com,0.0003902565
https://www.trello.com,0.0003494029
http://marketing.twitter.com,0.0005178477
http://en.mgmchinaholdings.com,0.0003119738
https://portal.office.com,0.0003553324
https://give.hrc.org,0.0003618028
https://careers.cargill.com,0.0003495533
https://www.centurylinkbusinessreferral.com,0.0003219037
https://joshleibowitzblog.wordpress.com,0.0003220569
https://news.xbox.com,0.0004963184
https://publish.twitter.com,0.0015359705
https://web.whatsapp.com,0.0003479264
http://dev.twitter.com,0.0003709147
https://www.sipc.org,0.0003551936
https://resources.peopleinneed.net,0.0003116794
https://apple.co,0.0003670481
https://ev.kde.org,0.0003078122
https://www.myworkday.com,0.0003348885
https://zkm.de,0.0003078122
https://venturebeat.com,0.0004478069
https://www.videolan.org,0.0003078122
https://apply.usbank.com,0.0003348885
https://www.shell.ua,0.0003086284
https://www.texaco.com,0.0003275562
https://www.kernel.org,0.0003126693
https://careers.pnc.com,0.0003181288
http://developer.android.com,0.0003943424
http://www.capitalone.com,0.0003105474
https://githubstatus.com,0.0005644045
http://www.lugos.si,0.0003078122
http://azure.microsoft.com,0.0003371359
https://edri.org,0.0003078122
https://myross.rossstores.com,0.0003484802
http://www.jnj.ch,0.0003110412
https://www.shell.com.cn,0.0003086284
https://developer.android.com,0.0006807983
https://escapade.com.hk,0.0003169614
https://en.wikiquote.org,0.0003108492
http://go.chevron.email,0.0003275562
https://prnmedia.prnewswire.com,0.0004754361
https://gdpr.cision.com,0.0004944387
https://www.tehachapinews.com,0.0003279803
https://www.communecter.org,0.0003078122
http://jquerymobile.com,0.0003119521
https://www.npmjs.com,0.0005373470
http://www.nationwide.com,0.0003105474
https://www.prnewswire.se,0.0003154289
https://cdn.pfizer.com,0.0003231567
https://libuv.org,0.0003119521
https://osquery.io,0.0003126693
http://www.cunard.com,0.0003220569
https://support.feedblitz.com,0.0013577796
https://www.shell.sn,0.0003086284
https://linkedin.statuspage.io,0.0005478357
https://jobs.venturebeat.com,0.0003436226
https://t3n.de,0.0003078122
https://foss-ag.de,0.0003078122
https://www.shell.com,0.0003086284
https://www.cervenesluchatko.cz,0.0003116794
http://www.acmethemes.com,0.0003471362
https://central.github.com,0.0004997696
https://es-us.ups.com,0.0003691651
https://goldstrike.mgmresorts.com,0.0003119738
http://appium.io,0.0003119521
https://answers.microsoft.com,0.0004034647
https://download.bls.gov,0.0004410120
https://buddypress.org,0.0005288435
http://www.mgmresorts.com,0.0003119738
https://openssf.org,0.0003126693
https://www.sucuri.net,0.0004027178
https://luki.org,0.0003078122
https://opensaar.de,0.0003078122
https://signaturemgmgrand.mgmresorts.com,0.0003119738
https://wikisource.org,0.0003108492
https://figma.com,0.0003872389
https://www.jgpa.es,0.0003078122
https://www.opensuse.org,0.0003078122
https://www.acj.airbus.com,0.0003174762
https://www.goldman.com,0.0003231567
https://www.shell.co.tz,0.0003086284
https://www.shell.co.kr,0.0003086284
https://devlibrary.withgoogle.com,0.0006785770
https://tiaamobile.page.link,0.0003181288
http://www.bostonscientific.cn,0.0003295559
https://weglot.com,0.0003548543
https://techcultivation.org,0.0003078122
http://investors.mgmresorts.com,0.0003119738
http://www.reddit.com,0.0003274126
https://t.co,0.0005328620
https://www.cision.pt,0.0003234200
http://www.pepsicojobs.com,0.0003275562
https://www.shell.com.tw,0.0003086284
https://en.wikisource.org,0.0003108492
https://www.citigroup.com,0.0003935475
http://nodered.org,0.0003119521
http://nytconferences.com,0.0003757038
https://support.xbox.com,0.0004115117
http://open.edx.org,0.0003274126
https://slovensko.digital,0.0003078122
https://www.thailand.intel.com,0.0003126933
https://gear.xbox.com,0.0005483014
https://trademark-list.openjsf.org,0.0004362317
https://privacy-policy.openjsf.org,0.0004362317
http://jnj.ch,0.0003110412
https://flutter.github.io,0.0003407433
https://dodeca.studio,0.0003207494
https://new.evvnt.com,0.0003279803
https://www.uco.es,0.0003078122
https://register.whirlpool.com,0.0003202238
https://www.shell.us,0.0003086284
https://nl.wikipedia.org,0.0003108492
https://tr.wikipedia.org,0.0003108492
https://ka.wikipedia.org,0.0003108492
http://www.elisa.tech,0.0003126693
https://www.cvent.com,0.0007236974
https://www.googlecloudcommunity.com,0.0003576312
https://lists.wikimedia.org,0.0003108492
https://blog.lumen.com,0.0003219037
https://www.ml.com,0.0003258641
https://dynamicspartners.transform.microsoft.com,0.0003500489
https://www.cision.ca,0.0003486282
https://advertising.nytimes.com,0.0003757038
https://music.apple.com,0.0003670481
https://demos.microsoft.com,0.0003500489
https://wordpress.slack.com,0.0003283030
https://georgia.peopleinneed.net,0.0003116794
https://mybuild.microsoft.com,0.0003641050
https://artgallery.yale.edu,0.0003197789
https://fedoraproject.org,0.0003078122
https://www.starbucks.com,0.0003194520
https://www.wholefoodsmarket.com,0.0003135516
https://www.storychangesculture.com,0.0003126693
http://coca-cola.hu,0.0003284347
http://www.finra.org,0.0003181288
https://Aka.ms,0.0003315388
http://www.prnewswire.co.il,0.0003433251
http://adullact.org,0.0003078122
https://globaleysurvey.ey.com,0.0003385547
https://campus.edx.org,0.0003274126
https://www.airbus.com,0.0003224645
http://www.starbucks.com,0.0003105474
http://www.lexus.com,0.0003105474
https://pl.pinterest.com,0.0003384349
https://ayy.fi,0.0003078122
https://www.capitalone.ca,0.0003220569
https://www.shell.com.pk,0.0003086284
https://apps.pnc.com,0.0003181288
https://grist.org,0.0003119670
https://www.shell.dk,0.0003086284
http://engineering.linkedin.com,0.0007913175
https://experience.dynamics.com,0.0003157698
https://us.airbus.com,0.0003174762
https://guidedtour.microsoft.com,0.0003566080
https://ur-pk.facebook.com,0.0021295391
https://discussions.apple.com,0.0003796634
https://code.visualstudio.com,0.0006672520
https://stackoverflow.com,0.0003628032
https://ethisphere.com,0.0005330579
https://developer.paypal.com,0.0003893576
https://developer.microsoft.com,0.0018830344
https://www.promoteiq.com,0.0004356287
https://openfabnet.com,0.0003078122
https://www.jnj.com.ph,0.0003110412
http://investors.bostonscientific.com,0.0003295559
http://www.cision.pt,0.0003255721
https://www.perimeterx.com,0.0005695243
https://training.linuxfoundation.org,0.0003190623
https://usa.gov,0.0004053037
https://www.jnj.ch,0.0003110412
https://securecommunications.airbus.com,0.0003174762
https://www.fabric.com,0.0003135516
https://www.betmgm.com,0.0003119738
https://www.ccpgames.com,0.0003409529
https://news.google.com,0.0004469211
https://simple.wikipedia.org,0.0003108492
https://www.postman.com,0.0004547036
https://www.ageofempires.com,0.0003438433
https://www.svetovaskola.cz,0.0003116794
https://www.menshealthindia.com,0.0003233431
https://go.demandbase.com,0.0003482076
https://www.linuxwochen.at,0.0003078122
https://www.tumblr.com,0.0003119670
https://blog.twitter.com,0.0038088014
https://make.wordpress.org,0.0005619098
http://www.tiaabank.com,0.0003181288
https://lyft.sng.link,0.0003484802
https://fsfe.org,0.0003078122
http://lea-linux.org,0.0003078122
https://www.mageia.org,0.0003078122
https://som.yale.edu,0.0005294012
https://www.cision.fr,0.0003234200
https://t.prnasia.com,0.0003290258
https://worldfellows.yale.edu,0.0003197789
https://www.empirecitycasino.com,0.0003119738
https://sv.wikipedia.org,0.0003108492
https://da.wikipedia.org,0.0003108492
https://benjaminfranklin.yalecollege.yale.edu,0.0003197789
https://group.contextgarden.net,0.0003078122
http://forms.feedblitz.com,0.0006083558
https://prnewswire.mediaroom.com,0.0003715696
https://www.mgbwhome.com,0.0003618028
https://ca.engagingnetworks.app,0.0003348885
https://www.gilead.com,0.0003893576
https://www.amazon.science,0.0003135516
https://www.zappos.com,0.0003135516
https://photomatt.tumblr.com,0.0003119670
https://app.prweb.com,0.0003234200
https://gameheadsoakland.org,0.0003207494
http://webaim.org,0.0003711303
https://www.bakersfield.com,0.0004279414
https://www.cision.fi,0.0003234200
https://loopback.io,0.0003119521
https://developers.google.com,0.0059357901
https://www.xbox.com,0.0013392604
https://www.zimmerbiomet.com,0.0003105474
https://environment.yale.edu,0.0003369502
https://chaoss.community,0.0003126693
https://dev.windows.com,0.0003617384
https://www.rossstores.com,0.0003534686
http://www.amazon.com,0.0003761186
https://gu-in.facebook.com,0.0021295391
https://bhfcrc.org,0.0003613997
https://www.behance.net,0.0003116794
http://www.nytimes.com,0.0004458486
http://linkedin.com,0.0009478705
https://forums.forzamotorsport.net,0.0003250435
https://merlcenter.org,0.0003854721
https://terms-of-use.openjsf.org,0.0004362317
http://www.newswire.ca,0.0003433251
https://codex.buddypress.org,0.0003617487
https://openlabs.cc,0.0003078122
https://www.obsidian.net,0.0003490858
https://privacyportal-cdn.onetrust.com,0.0003350748
https://www.fiff.de,0.0003078122
https://www.airbuscorporatehelicopters.com,0.0003174762
https://news.linkedin.com,0.0004914497
https://fr.slideshare.net,0.0011592560
https://www.seattletimes.com,0.0003327221
https://www.brooks.cl,0.0003169614
https://nodejs.org,0.0003190623
https://privacyportal-uk.onetrust.com,0.0003255721
https://www.iff-braunschweig.de,0.0003613997
https://prosa.dk,0.0003078122
https://no.wikipedia.org,0.0003108492
https://nonprofit.linkedin.com,0.0006362794
https://firebase.google.com,0.0009153166
https://www.cision.com,0.0005043086
https://www.softwareheritage.org,0.0003078122
https://www.digitale-gesellschaft.ch,0.0003078122
https://my.visualstudio.com,0.0003784059
https://techbootcamps.utexas.edu,0.0003274126
https://about.google,0.0006043947
https://powerplatformpartners.transform.microsoft.com,0.0003306283
http://www.picahack.org,0.0003078122
https://www.openrightsgroup.org,0.0003078122
https://fsfw-dresden.de,0.0003078122
https://sustainability.danaher.com,0.0003319556
https://www.swash.com,0.0003202238
http://requirejs.org,0.0003119521
https://profnet.prnewswire.com,0.0003616998
https://ar.wikipedia.org,0.0003108492
https://careers.bankofamerica.com,0.0003258641
https://fuss.bz.it,0.0003078122
https://blog.aboutamazon.com,0.0003135516
https://music.amazon.com,0.0003135516
https://he.wikipedia.org,0.0003108492
https://www.getsmarter.com,0.0003274126
http://www.twitter.com,0.0035918799
http://www.studiosimpati.co,0.0003796159
https://confluence.atlassian.com,0.0003494029
https://www.nuveen.com,0.0003181288
https://dartpad.dev,0.0003407433
https://cbey.yale.edu,0.0003838292
http://www.morganstanley.com,0.0003105474
http://www.cision.ca,0.0003507803
http://electron.atom.io,0.0004444407
https://sustainability.aboutamazon.com,0.0003135516
https://borgata.mgmresorts.com,0.0003119738
https://blog.dol.gov,0.0003263269
https://airbus-cyber-security.com,0.0003174762
https://www.gratiastibi.cz,0.0003116794
https://osc.gov,0.0003263269
http://jugpadova.it,0.0003078122
https://prepaid.t-mobile.com,0.0003219037
https://el.wikipedia.org,0.0003108492
https://help.github.com,0.0012654130
https://www.klubpratel.cz,0.0003116794
http://community.powerbi.com,0.0003157698
https://pay.facebook.com,0.0021295391
https://crbug.com,0.0003583354
https://www.capitalone.co.uk,0.0003220569
https://www.bp.com,0.0003424773
https://community.cartalk.com,0.0003409529
https://dyne.org,0.0003078122
https://exposefacts.org,0.0003078122
https://fi.wikipedia.org,0.0003108492
https://careers.ey.com,0.0003385547
https://business.edx.org,0.0003274126
http://pinterest.com,0.0003342287
https://blogs.skype.com,0.0003206372
https://cloudpartners.transform.microsoft.com,0.0003390076
https://www.intel.co.kr,0.0003126933
https://fr.wikipedia.org,0.0003108492
https://npmjs.com,0.0006330582
https://anoxinon.de,0.0003078122
https://lifequote.nationwide.com,0.0003187573
https://disabilityin.org,0.0004637922
https://www.docker.com,0.0003176221
http://jobsearch.local-jobs.monster.com,0.0003463250
https://www.intel.it,0.0003126933
https://www.shell.gr,0.0003086284
https://sr.wikipedia.org,0.0003108492
https://www.contrastsecurity.com,0.0003176221
https://staff.tumblr.com,0.0003119670
https://www.berkshirehathaway.com,0.0003119670
https://www.pfizer.com,0.0003231567
https://www.shell.iq,0.0003086284
https://www.chevrontexacocards.com,0.0003275562
https://portal.azure.com,0.0005361271
http://www.chevron.com,0.0003105474
http://www.prnewswire.com,0.0004283445
https://mozilla.org,0.0003078122
https://sh.wikipedia.org,0.0003108492
https://www.thehersheycompany.com,0.0003432684
https://play.google.com,0.0013578628
https://feedback.skype.com,0.0003206372
https://www.hirevets.gov,0.0003263269
https://en.wikivoyage.org,0.0003108492
https://reddit.com,0.0003251058
https://cdn.theconversation.com,0.0004172223
http://passport.prnasia.com,0.0003290258
https://www.apple.com,0.0005497677
https://logistics.amazon.com,0.0003135516
https://atom.io,0.0019610758
http://centerbeijing.yale.edu,0.0003868300
https://shop.nordstrom.com,0.0003105474
http://www.cargill.com,0.0003105474
https://nepal.peopleinneed.net,0.0003116794
https://adriatic.medtronic.com,0.0003315655
https://www.6pm.com,0.0003135516
https://www.whirlpoolcommerciallaundry.com,0.0003202238
https://cnwportal.prnewswire.com,0.0003307673
https://jp.prnasia.com,0.0003290258
https://www.opennederland.nl,0.0003078122
http://www.brooksrunning.co.jp,0.0003169614
https://www.odilidonaldodita.com,0.0003119670
http://qunitjs.com,0.0003119521
https://www.soliddigital.com,0.0003629517
https://www.shell.in,0.0003086284
https://economicgraph.linkedin.com,0.0006935108
https://wordpressfoundation.org,0.0005721772
https://ucimoklimatu.cz,0.0003116794
https://portal.facebook.com,0.0021295391
https://enn.lu,0.0003078122
https://buendnis-freie-bildung.de,0.0003078122
https://www.intel.pl,0.0003126933
https://privacy.microsoft.com,0.0017203429
https://initiativegaming.com,0.0003243589
http://my.local-jobs.monster.com,0.0003463250
https://delanolasvegas.mgmresorts.com,0.0003119738
https://openinsulin.org,0.0003119670
https://www.shell.co.bw,0.0003086284
https://www.shell.ma,0.0003086284
https://www.exploretock.com,0.0003119670
https://waag.org,0.0003078122
https://wordpress.tv,0.0005057202
https://www.jnjparaguay.com,0.0003110412
https://www.shell.be,0.0003086284
https://linkedin.github.io,0.0004529301
https://developers.facebook.com,0.0042592403
http://vitess.io,0.0003126693
http://weibo.com,0.0003197789
https://social.msdn.microsoft.com,0.0004373260
https://www.oculus.com,0.0021295391
https://www.usbancorpassetmanagement.com,0.0003348885
https://techcommunity.microsoft.com,0.0015841844
https://android-developers.googleblog.com,0.0003432564
https://app.welcomesoftware.com,0.0003629517
https://westcampus.yale.edu,0.0003197789
https://status.npmjs.com,0.0006330582
https://cli.github.com,0.0004659903
http://blog.revolutionanalytics.com,0.0003206687
http://www.diageo.com,0.0003105474
https://l.facebook.com,0.0045212232
http://ffkp.se,0.0003078122
http://investors.rossstores.com,0.0003484802
https://mail.google.com,0.0004469211
https://eng.uber.com,0.0003251058
https://www.minecraft.net,0.0003243589
https://www.slideshare.net,0.0011592560
https://status.github.com,0.0003730300
https://ua.ups.com,0.0003691651
http://investors.cvent.com,0.0003465686
https://www.apti.ro,0.0003078122
https://opensourceecology.de,0.0003078122
https://molsoncoors.com,0.0003495533
https://www.gsalumninetwork.com,0.0003231567
https://investors.pfizer.com,0.0003231567
https://www.jmsmucker.com,0.0003105474
https://www.syncfusion.com,0.0003176221
https://ccc-ch.ch,0.0003078122
https://twittercommunity.com,0.0016230089
https://investors.target.com,0.0003424773
https://privatewealth.goldmansachs.com,0.0003231567
https://www.shell.at,0.0003086284
http://agency.nationwide.com,0.0003187573
https://www.jedensvet.cz,0.0003116794
https://macmillan.yale.edu,0.0003333645
https://admissions.yale.edu,0.0003197789
https://bbpress.trac.wordpress.org,0.0003617487
http://www.hollandamerica.com,0.0003220569
https://www.art.yale.edu,0.0003197789
https://www.brooksrunning.com.au,0.0003169614
https://jobs.ecolab.com,0.0003379474
https://careers.twitter.com,0.0015359705
http://www.codefactory.software,0.0003176221
https://stats.wikimedia.org,0.0003108492
https://hyperledger.org,0.0003126693
